vessel_name,imo,year
ACHILLEAS,9398072,2010
BALLA,9749556,2017
PATROCLUS,9413834,2009
BELMAR,9516959,2023
PEGASUS,9412103,2014
BOTAFOGO,9395329,2010
PHAETHON,9412098,2009
CALIDA,9522128,2012
SEA AMETHYST,9920693,2022
COROSSOL,9395331,2010
SEA GARNET,9772943,2017
DALI,9070735,2018
AEGEAN MARATHON,9745225,2016
DAYTONA,9313266,2008
AEGEAN UNITY,9745237,2016
FLAVIN,9787912,2018
AEGEAN VISION,9645437,2016
MARETA,9537927,2013
KRITI ENERGY,9935636,2022
MINDORO,9310795,2009
KRITI FUTURE,9924326,2022
RIVERA,9777943,2018
KRITI HERO,9887308,2021
RYMAN,9777931,2017
KRITI KING,9887255,2021
SAGA,9528031,2018
BORDEIRA,9529499,2013
STAMOS,9592276,2012
FONTANA,9792541,2017
TIGANI,9776767,2017
FREUD,9804461,2018
WAIKIKI,9776755,2017
IPANEMA,9499929,2013
ALEXIA,9389966,2015
KAREKARE,9787986,2017
MERBABU,9388364,2008
LIPARI,9529487,2012
SEMERU,9388376,2008
MALIBU,9776731,2019
ANDROMEDA,9943061,2009
MARFA,9773478,2017
AQUALIBERTY,9592226,2011
MATALA,9776743,2010
CARIBBEAN VOYAGER,9857860,2013
NANTUCKET,9600865,2014
CARINA VOYAGER,9897834,2021
PETALIDI,9529475,2012
GEMINI SUN,9343340,2008
SAMSARA,1012177,2017
IONIC ANASSA,9779795,2016
TAHITI,8844531,2014
MEDITERRANEAN VOYAGER,9857858,2019
TAIPAN,9311866,2009
NAVE COSMOS,9457024,2022
TAMARA,9600889,2011
NAVE PERSEUS,9993896,2025
TOSKA,9996434,2024
NAVE PHOTON,9971721,2024
VADELA,9996408,2024
PACIFIC PEARL,9893072,2009
VILAMOURA,9529293,2012
SAFEEN STRENGTH,9543524,2012
AMALIA M,9924003,2022
TARBET SPIRIT,9408322,2009
CE-BERMUDA,9411226,2009
DELTA STAR,9458016,2013
DINO,8841345,2022
T.KURUCESME,9692478,2015
KAPSALI,9587312,2011
AGIOS GERASIMOS,9693056,2015
LENI P.,9594133,2011
HYDRA,7347823,2011
MIKELA P.,9440382,2009
YPAPANTI,9693082,2016
POPI P,9934319,2023
MINERVA SOPHIA,9382762,2009
PSERIMOS,9578658,2011
ATLANTIC EMERALD,9893022,2022
YANNIS P.,9411343,2023
ATLANTIC JADE,9892987,2022
ATLANTIC M,9907237,2016
BERGEN TS,9737400,2016
CE-HAMILTON,9411238,2009
CHIOS DF,9953482,2024
CHRISTINA,9061253,2024
ELIAS TSAKOS,9724075,2016
ENERGY DELOS,9994565,2025
ITHAKI DF,9953494,2024
ENERGY TRIUMPH,9817614,2018
LEONTIOS H,9724336,2016
MARAN HELEN,9779381,2017
MARATHON TS,9737371,2017
MILITOS,9607435,2012
NJORD DF,9953468,2023
DELTA ATLANTICA,9419101,2011
PARTHENON TS,9724348,2017
DELTA BLUE,9601235,2013
RAN DF,9953470,2023
DELTA COMMANDER,9418157,2010
STAVANGER TS,9737395,2017
DELTA EURYDICE,9700706,2015
THOMAS ZAFIRAS,9724087,2016
DELTA HARMONY,9408463,2009
ALEGRIA I,9543536,2012
DELTA HELLAS,9406673,2009
FRANKOPAN,9796731,2017
DELTA IOS,9406685,2009
MARITIME GLORY,9863429,2021
DELTA KANARIS,9429015,2010
MEGAN GLORY,9953054,2023
DELTA MARIA,9700691,2015
MINERVA CORALIA,9728239,2017
DELTA MARINER,9579573,2013
NAVIG8 PROSPERITY,9855496,2019
DELTA MED,9412309,2010
NEW ACTIVITY,9361524,2008
DELTA OCEAN,9408475,2009
P. ALIKI,9460136,2010
DELTA POSEIDON,9468671,2011
SEA VALIANT,9420629,2010
DELTA SKY,9410181,2009
STI GAUNTLET,9717137,2017
DELTA SPIRIT,9419096,2010
TP AFFINITY,9645401,2016
DELTA SUPREME,9585895,2012
UNITY VENTURE,9773739,2017
DELTA TOLMI,9429027,2010
ADAM,9826732,2010
NAUTILUS I,9298765,2006
ALBERT,9682447,2019
PASCHALIS DD,9765378,2018
ALEXANDER,6603012,2012
T. SADBERK,9804136,2017
ALATAU,9416551,2009
T. SEMAHAT,9804148,2017
ALTAI,9446427,2011
AFRICA,9905320,2022
SAFEEN BARONESS,9460576,2011
AGISTRI,9597018,2012
SAFEEN ELONA,9488011,2012
ANTARCTICA,9910492,2010
NISSOS CHRISTIANA,9694658,2015
ANTIGUA I,9753363,2017
NISSOS PAROS,9592290,2011
CHIOS I,9792187,2017
NISSOS SERIFOS,9592264,2012
ELENI,1007500,2009
GHIBLI,9208186,2009
GIANNIS,9432050,2011
LADY HENRIETTA,9604380,2023
GLADIATOR,1010569,2017
NAVIG8 PRECISION,9831294,2018
JIAOLONG,9379208,2009
NAVIG8 PRESTIGE JKB,9831309,2019
KAROLOS,9410208,2009
NAVIG8 PRIDE LHJ,9947366,2023
KASOS,9800257,2018
NAVIG8 PROMISE,9791298,2019
LESVOS,9323924,2017
NAVIG8 PROVIDENCE,9947378,2023
MARATHI,9772357,2022
SELIGER,9402263,2009
MOUNT FUJI,9509011,2023
ALYARMOUK,9356438,2008
NOVO,9633446,2011
MARAN ATLAS,9414022,2009
ODESSA,9366603,2013
OHIO,9417440,2009
PISSIOTIS,9509023,2010
VALFOGLIA,9417309,2009
POLA,9308998,2011
VALLESINA,9417311,2009
PSARA I,9772333,2017
VALPIAVE,9453030,2010
SAMOS,9772345,2025
ADVANTAGE ATOM,9472622,2008
SAMURAI,1012426,2009
ADVANTAGE AWARD,9470131,2011
SHENLONG,9379210,2009
ASP TREASURES,9732242,2016
SIKINOS I,9800269,2020
PACIFIC CORAL,9893113,2009
SMYRNI,9493779,2011
PACIFIC DIAMOND,9893046,2021
TATAKI,9410210,2010
PACIFIC GARNET,9893084,2021
TILOS I,9800271,2018
PACIFIC JADE,9867803,2021
TONY,9432036,2010
PACIFIC OPAL,9820685,2021
ZOUZOU N.,9410222,2010
PACIFIC RUBY,9893034,2021
ANTARCTIC,9315185,2010
PACIFIC SAPPHIRE,9508158,2021
ARCTIC,1006207,2022
PACIFIC TOPAZ,9893101,2022
DIMITRIS P,9565950,2011
PROTEUS BOHEMIA,9923437,2022
MARAN HOMER,9761372,2017
PROTEUS PHILIPPA,9923425,2022
SFL OTTAWA,9593012,2015
SEASPRITE,9711468,2015
OTTOMAN COURTESY,9788708,2017
YANG LI HU,9417177,2010
OTTOMAN EQUITY,9404950,2011
CHRYSANTHEMUM,9417452,2009
OTTOMAN INTEGRITY,9530618,2008
GHAT,9930105,2022
OTTOMAN SINCERITY,9788710,2017
IONIC ARTEMIS,9426441,2009
OTTOMAN TENACITY,9590682,2011
JAG LAXMI,9568196,2012
AFRODITI,9452880,2011
PACIFIC JEWELS,9732254,2016
ARGEUS I,1025485,2025
PHILOTIMOS,9793997,2018
CRUDE LEVANTE,9899363,2021
ROSS SEA,9457593,2011
CRUDE ZEPHYRUS,9899375,2021
STI GLADIATOR,9722170,2017
ORPHEAS,9318149,2020
STI GRATITUDE,9722182,2017
FOLEGANDROS,9247560,2018
SWAN LAKE,9158862,2009
KIMOLOS,9371282,2018
IONIC ASPIS,9523287,2011
MILOS,9138446,2024
AFRAPEARL II,9437672,2010
NISSOS ANTIMILOS,9895226,2021
PALLADIUM,1010167,2017
NISSOS IOS,9886770,2021
SEA HYMN,9412036,2011
NISSOS KOUFONISSI,9895214,2021
AQUALEGACY,9601833,2012
NISSOS SIFNOS,9884045,2020
AQUALOYALTY,9594664,2012
NISSOS SIKINOS,9884033,2020
BLACKCOMB SPIRIT,9417335,2010
NISSOS TINOS,9886782,2021
BLUE SEA,9413028,2009
POLIEGOS,9746621,2017
EMERALD SPIRIT,9422005,2009
MARAN HERMIONE,9779379,2017
GARIBALDI SPIRIT,9422835,2009
MARAN PENELOPE,9402914,2009
HOVDEN SPIRIT,9596997,2012
MARAN PLATO,9399507,2009
LEYTE SPIRIT,9484089,2017
MARAN POSEIDON,9402926,2010
LUZON SPIRIT,9572276,2017
MARAN PYTHIA,9402902,2009
ORCHID SPIRIT,9901867,2021
MARAN ORPHEUS,9868168,2020
PEAK SPIRIT,9514171,2008
MARAN SOLON,9881691,2021
SEBAROK SPIRIT,9572264,2011
ADVANTAGE SMOOTH,9999620,2025
SELETAR SPIRIT,9484077,2010
CAPTAIN LYRISTIS,9877183,2021
TRYSIL SPIRIT,9593414,2012
CEDAR,9403035,2022
WHISTLER SPIRIT,9417323,2010
CONSTANTIOS,9422366,2009
YAMATO SPIRIT,9414503,2008
LORD BYRON 21,9889954,2021
YOKOSUKA SPIRIT,9932402,2023
MARLIN SOMERSET,9835850,2019
MATILDA,9407457,2009
NORDIC HAWK,9749491,2016
SEACALM,9773753,2017
OCEANUS,9194919,2008
SEACHARM,9773765,2018
OTIS,9408217,2010
SEAFAITH,9843209,2020
SEA GALAXY,9694294,2022
SEAJEWEL,9388807,2009
SESTREA,9406659,2009
SEALEO,9473066,2012
SONANGOL CAZENGA,9766310,2017
SEALOYALTY,9302970,2018
SONANGOL HUILA,9575565,2012
SEAMUSIC,9407445,2009
SONANGOL KULUMBIMBI,9938482,2023
SEARANGER,9442158,2009
SONANGOL MAIOMBE,9766322,2017
SEARUBY,9759795,2017
STENA SUPERIOR,9579030,2012
SEARUNNER,9765029,2017
STENA SURPRISE,9533995,2012
SEASTAR,9373656,2008
MINERVA GEORGIA,9332157,2008
SEATRIBUTE,9857468,2020
MINERVA KALYPSO,9785225,2017
SEATRUST,9979993,2025
MINERVA MARINA,9411939,2009
SEAVELVET,9843211,2020
MINERVA VERA,9411941,2009
ARETEA,9711456,2015
MONTESPERANZA,9585871,2012
DF MONTMARTRE,9941714,2023
MONTESTENA,9585883,2012
DF MYSTRAS,9941702,2023
NEW TRUST,9274812,2022
EAGLE BINTULU,9795074,2019
NICOLAOS,9429297,2010
EAGLE BRASILIA,9795062,2019
VIOLANDO,9429285,2009
HAFNIA LOIRE,9941697,2023
ADVANTAGE SIERRA,9999632,2025
ADVANTAGE ANGEL,9779953,2017
ADVANTAGE SPICE,9419888,2010
AMADES,9903126,2022
ADVANTAGE SPRING,9466582,2010
IONIC ARIADNE,9856555,2020
ADVANTAGE START,9466570,2011
KYRAKATINGO,9779965,2017
ADVANTAGE SUMMER,9419890,2010
LEVANTINE SEA,9815616,2018
ADVANTAGE SUN,9513141,2011
MARLIN LA PLATA,9823560,2022
ALMI ODYSSEY,9579559,2013
MARLIN LAGOS,9823584,2022
DIMITRIOS,9900007,2023
SEAGUARDIAN,9174268,2021
EAGLE SAN JOSE,9795139,2018
SEAODYSSEY,9740419,2017
ENERGY DIONE,9995973,2025
SEAWAYS SHENANDOAH,9607966,2014
MARAN HERCULES,9761360,2017
SFL LION,9664770,2015
MARAN HERMES,9761346,2017
SFL PANTHER,9664782,2015
NORDIC BREEZE,9588445,2011
SOUTHERN RESONANCE,1023516,2025
PATHWAY,1033705,2020
STAVANGER STAR,9984871,2025
AQUABLISS,9922835,2022
MARIA PRINCESS,9380661,2009
ASPEN SPIRIT,9427627,2009
PROMITHEAS,9305611,2019
ATHENS SPIRIT,9594793,2008
URAGA PRINCESS,9439204,2010
ATLANTA SPIRIT,9578646,2011
APOLLO,9234628,2018
BAKER SPIRIT,9408073,2009
ELANDRA BAY,9821691,2018
BARCELONA SPIRIT,9578634,2011
ELANDRA FIRTH,9749532,2016
BEIJING SPIRIT,9418597,2010
ELANDRA GULF,9749544,2016
CASCADE SPIRIT,9399492,2009
ELANDRA SWALLOW,9945291,2023
COPPER SPIRIT,9427639,2010
ELANDRA SWIFT,9945306,2024
LONDON SPIRIT,9312303,2009
GREEN ADMIRE,9927196,2022
LOS ANGELES SPIRIT,9318072,2012
GREEN ADVENTURE,9927201,2022
MARE PICENUM,9449405,2011
GREEN ANAX,9927213,2017
MARE SICULUM,9457892,2011
GREEN AURA,9808168,2011
MOSCOW SPIRIT,9418602,2010
GREEN AZURE,9934644,2008
RIO SPIRIT,9419565,2013
KWK EXCELSUS,9728411,2016
SUMMIT SPIRIT,9404833,2008
SAND,9379612,2009
SYDNEY SPIRIT,9594781,2012
SEA STAR,9346897,2012
TAHOE SPIRIT,9427641,2010
SFL TAURUS,9978339,2024
TIANLONG SPIRIT,9378369,2009
SFL TIGRIS,9982691,2024
VAIL SPIRIT,9399478,2009
TENACITY VENTURE,9773052,2017
ZENITH SPIRIT,9404845,2009
UNITED VENTURE,9486908,2010
SEABLISS,9587207,2012
SEAGRACE,9934826,2022
SEAMAJESTY,9601223,2012
SEAVIGOUR,9774185,2009
SEAVIOLET,9790983,2018
SEAVISION,9790971,2018
DR IRENE TSAKOS,9993755,2025
MINERVA EVROPI,9785237,2018
MONTE ULIA,9803285,2019
MONTE URQUIOLA,9803273,2019
POPI SAZAKLIS,9817494,2018
SEA AMBER,9772931,2016
SILVERWAY,9742912,2022
ADVANTAGE SUGAR,9410973,2011
ADVANTAGE SWEET,9587192,2012
ALMI SUN,9579535,2013
BOLD WARRIOR,1058092,2025
ECO BEL AIR,9794056,2019
ECO BEVERLY HILLS,9794068,2019
ECO OCEANO CA,9794020,2021
ECO WEST COAST,9902811,2021
GENEVA STAR,1028528,2025
GLORIA MARIS,9899997,2021
IMOLA,1014876,2025
INVICTUS,1011082,2012
JENGGALA NASSIM,9457907,2013
MARLIN SANTORINI,9835836,2019
MARLIN SARDINIA,9835862,2019
MARLIN SHIKOKU,9841627,2019
MARLIN SICILY,9835848,2019
NEW LIBERTY,9221645,2022
NORDIC HUNTER,9921075,2022
ORIENT M,9907225,2022
PERTAMINA HALMAHERA,9872688,2020
RS TARA,9765354,2016
SAFEEN ELIZABETH,9524449,2011
SEA CORAL,9920708,2022
SPYROS,9877171,2012
STENA SUNRISE,9592214,2012
STENA SUNSHINE,9585900,2013
STOIC WARRIOR,1028762,2025
DECATHLON,9462926,2012
SPYROS K,9565948,2011
SEA SAPPHIRE,9557226,2022
ZEUS,1001506,2011
AL AGAILA,9415404,2009
APACHE,8955586,2016
ELANDRA EAGLE,9792474,2017
ELANDRA FALCON,9792486,2017
LILA MARSEILLE,9418614,2011
MARAN ASPASIA,9879997,2020
MARAN HELIOS,9761358,2017
MARAN PHOEBE,9868156,2020
MIAOULIS 21,9886641,2021
NORDIC HARRIER,9921063,2016
RIO ORINOCCO,9586734,2011
SEA ONYX,9922108,2022
SEAWAYS MONTAUK,9779537,2017
AQUAFREEDOM,9853008,2022
AQUAHONOR,9925136,2022
NEPTUNE MOON,9784013,2019
PLUTO MOON,9784025,2019
SATURN MOON,9814430,2015
WHITE MOON,9588158,2018
